id,type,model,year,VIN
1,Isuzu,Hombre,1997,19XFB2F51FE172069
2,Ford,F150,1997,4T1BK1EB4EU216058
3,Chrysler,300C,2005,3VW4A7AT7DM157900
4,Audi,A8,2005,2G61V5S84F9554469
5,Suzuki,Verona,2006,SCBLE37G05C081996
6,Pontiac,Grand Prix,1976,WAUJC58E75A465558
7,Chevrolet,Impala,2001,WBAPH73569E844032
8,Mercedes-Benz,C-Class,1999,1G6AR5SX2F0851570
9,Chevrolet,Silverado 2500,2005,1GD312CG5CF992082
10,Lincoln,Town Car,1987,1G6KF57982U338270
11,Lexus,LS,1995,WAUNF98P37A081345
12,Cadillac,Escalade,2003,KNDMA5C13F6056472
13,BMW,7 Series,1994,WAUAF48H88K412894
14,Mitsubishi,GTO,1990,5TDDK4CC7AS108073
15,Mercedes-Benz,Sprinter 3500,2012,KNALN4D72E5758720
16,Mazda,Familia,1986,3D7TT2CT8BG529562
17,Saab,9000,1997,SAJWJ1CDXF8333295
18,Mitsubishi,Montero Sport,2003,SALGR2VF2FA251322
19,Aston Martin,Vantage,2010,WAUKG98E76A858333
20,Bentley,Brooklands,2009,1D4PU7GX6AW950217
21,Ford,Edge,2009,1G4HP52K044567250
22,Chevrolet,2500,1994,SCBDC3ZAXDC181279
23,Lamborghini,Murciélago,2007,2C3CCAAG3EH532386
24,Audi,S4,2002,4USBU33538L783387
25,Bentley,Continental,2009,2HNYD2H64CH784821
26,Chevrolet,Express 1500,2004,1G6DF5EGXA0364126
27,GMC,Savana 1500,2006,2G4GY5GV9B9469789
28,Ford,Escort,1992,JN8AZ2KR2BT091540
29,Mitsubishi,Mirage,1999,3VW467AT4DM588809
30,Maserati,Quattroporte,2011,WBANF33556C169268
31,Dodge,Dakota Club,1994,WBAFZ9C5XDC255574
32,Aston Martin,DB9,2005,1G6DH8E50D0529924
33,Nissan,Altima,2003,SALCT2BG6FH554835
34,Nissan,Maxima,1990,JHMZE2H53AS562547
35,Volvo,S70,1998,5J8TB2H28CA245735
36,Oldsmobile,88,1994,1N6AF0LY8FN656539
37,Infiniti,QX56,2011,JN1CV6EK8EM118117
38,Chevrolet,Corvette,1967,3N1CN7AP7EK014452
39,Ford,Explorer,2011,SCBZK25E82C456723
40,Land Rover,LR3,2008,KL4CJBSB0EB169199
41,Nissan,Quest,1999,JM1NC2PF4F0579716
42,Mercedes-Benz,R-Class,2006,WAUEH48H07K715811
43,Nissan,Maxima,1998,WAUPL68E95A473242
44,Toyota,Sequoia,2001,WAUVC68EX2A183627
45,BMW,5 Series,1999,19XFB2F50DE957051
46,Buick,Somerset,1986,WA1DKBFP2CA695649
47,Saturn,Outlook,2008,1GTN1TEH7EZ188358
48,Chevrolet,2500,1994,YV1622FS6C2056844
49,Infiniti,QX,2004,JHMZE2H34CS043038
50,Dodge,Grand Caravan,2002,WBAVC93577K837686
51,Dodge,Grand Caravan,1998,YV126MFCXF1621775
52,Maybach,62,2008,WAUAKAFB6BN161792
53,Maybach,62,2003,SAJWA0JH9EM468094
54,Infiniti,G,1994,1FMCU0E71AK750321
55,Mazda,323,1992,5UXFE835X8L192540
56,Subaru,SVX,1995,WBANE53506C543154
57,Nissan,Altima,1999,1GYFK56299R925275
58,Mercedes-Benz,E-Class,2001,KNADM4A36D6288757
59,BMW,X5,2006,WBAYP9C58DD272463
60,Ford,Bronco,1996,1GKS1EEF7DR903736
61,Chevrolet,Corvette,1953,WAULT58E45A205644
62,Mazda,MX-3,1992,1GYUKFEJ3AR047143
63,GMC,Safari,2003,1N6AA0CC8BN014965
64,Toyota,Paseo,1996,WAULT68E13A220296
65,Ford,E150,2008,WP0AB2A96AS580979
66,Kia,Spectra,2007,SCBZB25E62C827894
67,Volkswagen,Corrado,1992,JH4DC53063C699458
68,Isuzu,Ascender,2004,1N6AA0EC0EN709183
69,Mercedes-Benz,SLR McLaren,2005,WA1WMAFP6EA167788
70,Toyota,Tacoma Xtra,1999,JM1NC2MF5E0884242
71,Toyota,Sequoia,2005,2C3CCADG2DH119644
72,Mercedes-Benz,W126,1983,JTEBU5JRXC5430127
73,Chevrolet,Tahoe,2000,KMHGH4JH5DU239864
74,Jeep,Liberty,2008,KMHFG4JG8EA591149
75,Toyota,Supra,1996,WAUDL54FX5N751330
76,Mercury,Sable,1997,5J8TB18209A918634
77,Suzuki,Sidekick,1997,JN8AE2KP8E9093515
78,Subaru,Legacy,1995,3VW1K7AJ8DM089332
79,Eagle,Summit,1992,1GKS1AE07ER891237
80,Ford,Econoline E250,1994,1G6KF54921U717557
81,Chevrolet,Aveo,2010,KNAFT4A22C5042439
82,Mitsubishi,Truck,1992,1C4AJWAG7CL453051
83,Lexus,RX,2008,1G6DD8E36E0191893
84,Porsche,944,1989,3VW8S7AT2FM595807
85,Nissan,Maxima,1997,JTDJTUD37ED457525
86,Dodge,Ram Van 3500,1996,WDDHF5KB4EA100655
87,Chevrolet,Traverse,2010,WBAUP7C5XCV730211
88,GMC,Sierra 3500,2001,1FTEW1CW4AF068291
89,Hyundai,Santa Fe,2012,WBAVC93548K689403
90,Ford,Escape,2002,WBADT63421C555443
91,Toyota,Camry Hybrid,2009,YV1960ASXA1168059
92,Honda,Civic,2012,NM0GE9E71F1550351
93,Lexus,LS,2010,1G6DM5E30D0333121
94,Mitsubishi,Mirage,1993,WBAKE3C5XBE729838
95,Lamborghini,Diablo,1990,2FMGK5BCXAB130521
96,Chevrolet,Express,2007,3GYFNGE37CS721639
97,Hyundai,Excel,1993,55SWF4JB3FU644648
98,Honda,Civic,2011,JTDKN3DP7D3165499
99,Infiniti,G,2010,1G6DJ577390500376
100,Ford,Explorer,1998,WAUSGAFB9AN260014
101,Chevrolet,Sportvan G20,1993,WBAWB33518P497413
102,Hyundai,Tiburon,2009,1FTSW2A58AE351978
103,Suzuki,X-90,1998,WA1CV94L09D692803
104,GMC,Vandura 3500,1994,WAUBF78E18A664410
105,Kia,Sportage,2002,WBAVB73537P969273
106,Ford,Aerostar,1992,1G6YV36A165307195
107,Toyota,Sienna,2008,2HNYD28497H005112
108,Nissan,200SX,1995,WBANU5C50AC674094
109,Toyota,MR2,2004,1G6DH8EY0B0385704
110,Mazda,MX-5,2000,1N6AA0CC9EN417681
111,Ford,Mustang,2004,WBAWV1C55AP789051
112,Scion,tC,2006,3VWPG3AG0AM492175
113,Pontiac,Bonneville,2004,3GYFNFE35CS414058
114,Porsche,911,1999,1G6KF57973U116739
115,Jaguar,XJ Series,1994,WA1C8BFP0FA053574
116,Chevrolet,Express 1500,2005,3C6TD5HT7CG776629
117,Chrysler,Town & Country,1994,5TDDK3DCXBS955633
118,Kia,Amanti,2006,KNDKG3A23A7357039
119,Mercedes-Benz,300SD,1992,4T1BF1FK3FU193974
120,Acura,RL,1998,KMHHT6KD1AU745293
121,GMC,2500,1994,5XXGM4A74EG042571
122,Audi,A8,2007,4T3BA3BB8FU952979
123,Toyota,Previa,1997,WBAEV53422K138324
124,GMC,Sonoma Club Coupe,1995,KNDJT2A15B7215706
125,Dodge,Magnum,2006,KM8NU4CC7CU659936
126,Bentley,Azure,2010,WBA3N9C50EF270616
127,Infiniti,G35,2004,1G6DC1E34E0218650
128,Mazda,MX-3,1995,JH4CU4F46CC773592
129,Porsche,Boxster,1998,TRUTC28N361322866
130,Mazda,MX-6,1994,4T1BD1FK0DU496570
131,Chevrolet,Cobalt SS,2009,2C3CCASGXFH240086
132,Nissan,Versa,2010,2HNYD18442H475289
133,Aston Martin,Vantage,2011,WA1WMAFE8ED185223
134,Cadillac,DeVille,2004,WAUEH78E46A225352
135,Chevrolet,Cobalt,2010,JM3KE2BE4F0309355
136,Nissan,Rogue,2009,2C3CDZBT7FH141699
137,Lexus,GS,2011,1G6AJ1R32F0180260
138,Ferrari,F430,2009,3VW4A7AT4CM351119
139,Land Rover,Range Rover,2011,WBAYE8C59DD152347
140,Oldsmobile,Cutlass Supreme,1995,1G6DJ1E37C0933232
141,Volvo,C70,2006,WAUAT48H95K835973
142,Honda,Pilot,2006,WBA6B4C53FD292258
143,Chevrolet,Equinox,2012,WBADX1C58BE133053
144,Toyota,FJ Cruiser,2012,3GYFNDE36DS853646
145,Honda,Passport,1996,19UUA8F20EA705583
146,BMW,7 Series,2003,1C4PJLAB4EW961511
147,Porsche,944,1986,WAUJC68E75A375123
148,Kia,Mentor,1997,1FTSW3B5XAE388888
149,Ferrari,612 Scaglietti,2009,WP0AB2A96BS273989
150,Porsche,911,1996,1GTN1TEX7BZ016575
151,Mercedes-Benz,300CE,1992,1N4AL2AP9BN134973
152,Kia,Optima,2003,1D7RE3GK1BS048766
153,Isuzu,Amigo,1994,1G4GA5EC5AF472927
154,Audi,Q7,2011,1N6AF0LX5EN635136
155,Audi,Quattro,1985,3N1CE2CP5EL635053
156,Honda,del Sol,1996,WAUXL58E14A284772
157,BMW,7 Series,2000,WAUHF78P36A766736
158,Mitsubishi,Montero Sport,2004,WBAEK73485B368099
159,Chevrolet,Silverado,2001,JN8AF5MR3CT831721
160,GMC,Savana 3500,2002,SCFFBCBD0AG982807
161,Toyota,Camry,1997,WAUHGAFC8EN239566
162,GMC,Savana 3500,2012,19VDE1F33FE103786
163,Lincoln,MKS,2011,2HNYD2H20DH443964
164,Lexus,GS,1997,5J6YH1H39BL630305
165,Bentley,Mulsanne,2011,5UXWX7C56DL916612
166,Dodge,Ram 3500,2007,1G6DK8E39C0124367
167,Toyota,Corolla,1998,JN8AZ2KR5CT690787
168,Pontiac,Grand Prix,1962,WBA3B3C52DJ801509
169,Ford,Explorer,1993,WAUBF78E68A036844
170,Land Rover,Range Rover,2010,5UXFA13585L291260
171,Kia,Optima,2007,1G6DW67V190267040
172,Chevrolet,Impala,2007,1ZVBP8AM9C5907998
173,Nissan,200SX,1995,WA1BV94L67D353942
174,BMW,X5,2012,1G6AW5SX5F0324910
175,Nissan,Cube,2012,3D7TT2CT4AG631505
176,Aston Martin,V8 Vantage,2006,WBASN2C53BC171479
177,Ford,Thunderbird,1955,1FMCU0C75AK128713
178,Nissan,Sentra,2011,1G6AB5SA8D0506864
179,Honda,Insight,2006,5FPYK1F29DB610165
180,Toyota,Camry,2006,WVGFG9BP2CD657170
181,Mazda,Mazdaspeed 3,2008,JTDJTUD35ED470189
182,Chevrolet,Prizm,1999,3D7JB1EK2BG191228
183,Chrysler,New Yorker,1995,1GD12XEG5FF365966
184,Chevrolet,Colorado,2011,KNAFX6A80F5211530
185,Ford,Tempo,1984,1ZVBP8AM0C5028552
186,Hyundai,Azera,2008,1G6AA1RX4F0315161
187,Infiniti,QX56,2008,WAUHFAFL2DN077225
188,Ford,Bronco,1995,1G6D25ED5B0074055
189,Ford,Escape,2011,JN1CV6AP1AM839990
190,Toyota,Venza,2011,1C3CDFCA4DD477297
191,Chevrolet,Aveo,2011,3GYFNBEY8BS505800
192,Hyundai,Elantra,2008,WA1CGAFE6ED473901
193,Pontiac,Grand Prix,1998,5GALRBED8AJ421312
194,Pontiac,Sunbird,1993,JN8AZ2KR1AT160149
195,Pontiac,6000,1989,SCFFDABE7CG551780
196,Suzuki,Sidekick,1993,WBAEK13496C410191
197,Ford,Econoline E350,1993,WP1AA2A26CL944252
198,Chevrolet,Sportvan G20,1992,WDCGG0EB8EG016279
199,Pontiac,Bonneville,1987,JN8AZ2KR4CT406887
200,GMC,Envoy,2007,1C3BC7EG6BN880632
201,Buick,Roadmaster,1995,WA1CFAFP3EA270051
202,Pontiac,Montana,2000,WAUSGAFC8CN947559
203,Pontiac,G6,2010,1G6AB5SA9D0210171
204,Jaguar,S-Type,2004,1GTN1TEX2DZ650783
205,Ford,Taurus,2012,KL4CJGSB8EB668460
206,Toyota,Camry,1995,1C3CDFCBXED834895
207,Saturn,S-Series,1993,WAULV94E49N946673
208,Mercedes-Benz,S-Class,1986,1GD11XEG5FF798691
209,Ford,F150,2007,WAU3GAFDXFN111351
210,Volkswagen,R32,2004,5FRYD3H66EB720525
211,Chrysler,Prowler,2001,WAUCFAFH5DN567454
212,Pontiac,Firebird,1984,WAUDV94F97N763604
213,Mitsubishi,Eclipse,2012,4T1BF3EK9AU971524
214,Lexus,LX,2006,WA1FFCFS8FR043597
215,Mercury,Monterey,2007,1GKS2GEJXDR634547
216,Subaru,Tribeca,2008,WBAUP935X9V297882
217,Holden,VS Commodore,1995,1FMJK1J51AE553395
218,Eagle,Vision,1993,5N1AA0NC7FN827960
219,Honda,Accord,1987,1G6DN57P790375709
220,GMC,Vandura 2500,1992,1FTEW1C87AK731247
221,Audi,80,1990,1FTSX2A5XAE462576
222,Toyota,4Runner,1994,WBA3B5G57EN238702
223,Chevrolet,Blazer,1992,3GYFNEEY8BS294244
224,Kia,Sportage,2002,WBALW3C50DC615928
225,Dodge,Daytona,1984,WAUDF48HX7K506268
226,Daihatsu,Charade,1992,WAUDF78E35A692536
227,BMW,760,2005,1FTEX1CM4BK729077
228,Chevrolet,Corvette,1998,WAUKF98E86A538294
229,Ford,E150,2005,WDCGG0EB2FG895411
230,BMW,M3,2002,KNADM4A32E6390137
231,Mazda,626,1986,WAULK78K79N644436
232,Suzuki,Forenza,2008,JA32X2HU5CU214419
233,Buick,Electra,1986,1GKS2FEJ3DR928088
234,Mazda,MX-5,1996,JN1AZ4EH6BM981546
235,Volvo,960,1992,WBA3F9C59DF768194
236,Oldsmobile,Toronado,1966,KNADM4A31F6923709
237,Chrysler,Town & Country,2002,WDDEJ7GB4CA157960
238,Chrysler,Imperial,1926,JN8AS1MU9CM955253
239,Lincoln,MKZ,2012,WBAWL73517P251271
240,GMC,Sierra 2500,2005,3G5DA03E72S504540
241,Pontiac,Grand Prix,1993,1FTNF1E84AK585788
242,Acura,NSX,2000,2G4GT5GV0C9126448
243,Dodge,Dakota Club,1994,WAUBH78E27A121933
244,Volkswagen,Passat,2006,1G6KF54932U983591
245,Cadillac,Seville,1999,1N6AF0KX5FN571182
246,Mazda,MX-3,1992,WBA1M1C58FV204415
247,Honda,CR-V,2012,WBA3A9C54FF787589
248,Dodge,Spirit,1993,JHMZF1D45CS065040
249,Daewoo,Leganza,1999,JM3TB2MA4A0014434
250,Chevrolet,Corvette,2008,WAUVC68E64A771222
251,Ford,F-Series Super Duty,2011,2HNYD187X4H630831
252,BMW,M3,1996,JM1NC2LF3C0423989
253,Mercedes-Benz,SLK-Class,2000,1FTFW1E87AK782989
254,Hyundai,Sonata,2004,JM1CW2BL8E0762434
255,Saturn,Relay,2007,1D7RE3BK2BS795915
256,Lexus,CT,2012,WAU2MAFC3EN621535
257,Nissan,Murano,2011,JHMGE8G22AC388286
258,Chevrolet,Camaro,1977,JH4CU4F41BC583911
259,Chevrolet,Express 1500,2009,3D73Y4EL2AG312890
260,Lamborghini,Gallardo,2008,5TFBY5F10DX223022
261,BMW,X6,2011,WAUFGAFB7BN377822
262,BMW,X6,2013,5FRYD3H66EB000240
263,Chevrolet,Impala,2011,JTEBU5JR9F5464032
264,Mercedes-Benz,300SE,1992,1G6AD5S34E0269786
265,Nissan,350Z Roadster,2006,WVWGU9AN5BE258599
266,Bentley,Continental,2012,1D7RE3BK2AS779793
267,Volvo,S80,2006,1GYS3KEF5ER777540
268,Subaru,Impreza WRX,2010,YV4902DZ3C2874859
269,Chevrolet,Express,2011,1G6DH8E51C0756893
270,Ford,Freestar,2003,1GYS3HEFXDR404656
271,Honda,Accord,1992,1G6DR57V780491512
272,Ford,Edge,2007,WAUWFAFH9AN926054
273,GMC,Vandura 1500,1993,1G6DE5E59C0837423
274,Volkswagen,CC,2010,WBA3B1C56DK439909
275,Volkswagen,GTI,1985,3C63DRKLXCG112566
276,Jeep,Wrangler,1993,WAUFFAFLXBN125249
277,Dodge,Durango,2007,KMHCT4AE2DU308352
278,Dodge,Charger,2010,JA32X8HW0DU864491
279,Chevrolet,2500,1994,2G4WB52K041325043
280,Lexus,IS-F,2011,SCBLC37F34C877962
281,Land Rover,Discovery Series II,1999,1GYFK46868R939096
282,Ford,Crown Victoria,2006,3VW4A7AT3CM728569
283,Ford,Mustang,1964,SCFPDCGP6EG611481
284,Chrysler,Cirrus,1995,WVGAV7AX0BW557867
285,Lincoln,Mark VII,1992,1FTEX1C81AF927030
286,Chevrolet,Caprice,1996,WAUVFAFR4DA329135
287,Dodge,Ram 3500,1995,YV4952CF9B1794673
288,Toyota,MR2,1994,WA1YL64B14N505573
289,Lexus,RX,2001,1FTMF1CW0AF311672
290,Ford,Falcon,1966,3D73Y4CL1AG646301
291,Chevrolet,Prizm,1999,WAUMF78K09A205336
292,Mitsubishi,Pajero,1984,YV1672MS5B2242992
293,Eagle,Talon,1996,WBAAX13494P363346
294,Ford,F350,2007,1N6AD0CW0FN008584
295,Lexus,ES,1995,3D73Y4CL8BG513469
296,Mercedes-Benz,CL-Class,2000,3C3CFFJH5ET723926
297,Mercedes-Benz,SL-Class,1988,4T1BF3EK2BU445883
298,Oldsmobile,Alero,1999,2G4WE587681430685
299,Lincoln,MKS,2009,5FRYD4H2XEB967727
300,Lexus,RX,2007,1GYS4AEF4ER508226
301,Lamborghini,Murciélago LP640,2008,1G6AA5RA0D0951642
302,Ford,F-Series,2006,JTDKN3DP3D3803876
303,Dodge,Grand Caravan,2012,WBALM7C57BE393435
304,Mitsubishi,Galant,2004,3D73M3HL2BG977615
305,Mercury,Mystique,1997,3LNHL2GC1AR463039
306,Chevrolet,Silverado 2500,2005,JA4AS2AW8AZ388650
307,Chevrolet,Astro,2003,1C6RD7PT0CS486491
308,Ford,Bronco II,1986,JA4AP3AU8BZ998202
309,Dodge,Durango,2002,1GKS1GEJ3DR221114
310,Chevrolet,Express 2500,2000,JTHBF1D29F5348544
311,Toyota,Camry Hybrid,2012,SCBLF34F35C847616
312,Kia,Sedona,2008,WAUVFAFH4CN470222
313,Volkswagen,Jetta,2007,WAULV94E38N436930
314,Nissan,NX,1992,SCBLF34F33C372952
315,Hyundai,Excel,1992,1G4HR57Y57U585108
316,Toyota,4Runner,2000,SCBFT7ZA7EC899373
317,Dodge,Ram Wagon B350,1992,WAUKF78E98A800900
318,Pontiac,Bonneville,1992,1FTSF3A51AE384682
319,Mercedes-Benz,SL-Class,1990,JN8AF5MRXDT784429
320,Dodge,Charger,1999,WBAUU3C53AA006950
321,Saab,900,1988,1FTMF1C89AK230369
322,Chrysler,LHS,1996,1GYEE637660858109
323,Dodge,Challenger,2010,137ZA84381E928105
324,GMC,Safari,2002,1YVHZ8BH0A5588300
325,Volvo,C70,1999,5GAKVBED9CJ341978
326,Volvo,XC70,2012,JTMHY7AJ9B4227226
327,Hyundai,Tucson,2006,1FTWX3A51AE728820
328,Toyota,Xtra,1995,3GTXKYEJ7AG377365
329,Jeep,Grand Cherokee,2008,WVWAP7AN4DE418766
330,Mazda,MPV,2005,4A37L3ET0AE042695
331,Toyota,Celica,2003,JTHBE5C28B5487098
332,Chevrolet,Tahoe,1998,1N6AA0CH2DN706394
333,Lamborghini,Countach,1987,1D7RB1GT0BS130297
334,Ford,Bronco,1986,SALSF2D43CA103713
335,Ford,E150,2012,WAUDH74F36N742872
336,Lexus,RX,2004,SCFFBCCDXAG299480
337,Ford,Focus,2009,WBSBR93456P107507
338,Subaru,Impreza WRX,2011,JM1BL1L34C1010766
339,Porsche,Boxster,2003,1C6RD7LP6CS999012
340,Maserati,Spyder,2003,WAUKD98P46A011439
341,Buick,Reatta,1989,1D7RE2BK8BS481065
342,Ford,F-250 Super Duty,2006,1N6AA0CA4BN853011
343,Chevrolet,Corvette,2008,JA4AS2AW8AZ657634
344,Mitsubishi,Lancer Evolution,2006,1G6D25ED8B0824385
345,Infiniti,M,1992,JN1AY1AR0CM753415
346,Volvo,C70,2001,WBAGL83574D066925
347,Chevrolet,Tahoe,2001,JTEBU4BF7CK754376
348,Porsche,Carrera GT,2004,SCBDC47L59C449897
349,Mazda,Mazda6,2008,1N6AA0CH7FN743265
350,Acura,MDX,2012,3VW217AU6FM290571
351,Porsche,Cayenne,2013,KL4CJBSB8EB387651
352,GMC,Sierra 1500,2010,2C3CDXFG5DH600596
353,Pontiac,Bonneville,1995,5TDBM5G10AS036231
354,Ford,Ranger,1984,WBSBL93456P769590
355,Nissan,300ZX,1994,2G4WN58C481525775
356,Cadillac,CTS-V,2011,WBALW3C59DC974128
357,Toyota,Venza,2010,5FNYF3H20CB674101
358,Toyota,Prius,2007,3D73Y4CL3BG038619
359,Audi,Quattro,1985,WUAAU34278N994010
360,Audi,A4,2012,SCFAD01A88G228350
361,BMW,M3,2009,JM1DE1KY6D0722428
362,Toyota,Sequoia,2009,3N1AB6AP7BL378547
363,Ford,E150,1984,WAUAFAFH3CN488967
364,Land Rover,LR4,2012,1G6DL1E31D0794694
365,Chevrolet,Suburban 2500,2001,1D4PU2GK0AW771775
366,Chevrolet,Corvette,1987,SCBBR93W57C048141
367,Mercedes-Benz,SL-Class,2001,3GYFK66N05G853067
368,Mazda,MPV,2006,1B3CC4FB4AN304135
369,Mitsubishi,Pajero,2000,WAUFGAFBXAN843449
370,Lincoln,LS,2002,WAUNF78P86A206505
371,Mercedes-Benz,SL-Class,2007,2G61N5S37E9208192
372,Jeep,Grand Cherokee,2012,WAUHF68P06A430665
373,Ford,F150,1998,1GD120EGXBF481973
374,Chevrolet,1500,1993,JM1NC2JF1F0954986
375,Cadillac,Escalade ESV,2012,WBADX7C50DE088261
376,Mitsubishi,Excel,1988,WBA3N3C55FK788484
377,Cadillac,Catera,1999,1N6AF0LY2EN162529
378,Hyundai,Santa Fe,2006,WBAGN83404D959617
379,Buick,Coachbuilder,1994,3C4PDCDGXET877911
380,Saturn,L-Series,2003,1FTMF1CW9AF172559
381,Honda,Odyssey,2004,SCFAB02A77G140327
382,Pontiac,G3,2010,1LNHL9DK1FG576864
383,Mitsubishi,Cordia,1984,SCBLC31E02C298926
384,Dodge,Dakota Club,2004,WA1BY74LX9D599357
385,Lexus,IS F,2009,WAURV78T69A672097
386,Cadillac,Sixty Special,1993,WAUBVAFA8AN258851
387,Buick,LeSabre,1989,KNAFT4A28C5708851
388,Volkswagen,Golf,1998,JN1BY1AR0EM712838
389,Mitsubishi,Eclipse,1998,3D7TT2HT6BG696124
390,Audi,90,1990,5J8TB3H71GL698462
391,Maybach,57,2005,1LNHL9DK0DG948823
392,Mercedes-Benz,SL-Class,1988,3D73Y4EL1AG324299
393,Suzuki,Esteem,1995,4USBU53506L447284
394,Hyundai,Elantra,2002,WAUEF78E67A554061
395,Chevrolet,Silverado 1500,2002,JN1AZ4EH5BM859759
396,Buick,Electra,1984,WBAEW53464P334673
397,Honda,Accord,1995,1FTSW3A58AE996314
398,GMC,Sonoma,1996,WBABN33452P900474
399,Maserati,Biturbo,1984,KMHFG4JG4FA197486
400,Subaru,Legacy,1999,WBAYB6C51DC395332
401,Kia,Sedona,2008,5N1CR2MM9EC622948
402,Lexus,GX,2008,1GKUCEEF4AR350915
403,Nissan,350Z,2006,3GYFNGE36DS915225
404,Audi,200,1989,WP1AA2A23BL839988
405,Isuzu,i-370,2007,NM0GE9F70F1060000
406,Volkswagen,Golf,1998,JM1NC2EF0A0750912
407,Volkswagen,New Beetle,2009,1G4GD5EG9AF781696
408,Mercury,Topaz,1988,1GYS3EEJ9BR559294
409,Acura,TSX,2005,JH4CU2F67EC481250
410,Lexus,IS,2012,3VW217AU6FM004556
411,Plymouth,Neon,1995,WA1C8BFP8FA275327
412,Chevrolet,3500,2000,WBA3B3G57FN788519
413,Volkswagen,Passat,2004,WBAVB73508V614283
414,Mazda,Mazda3,2007,WBAUC7C51AV928328
415,Saab,9-7X,2007,2LMDJ6JK2FB943872
416,GMC,Sierra 2500,2012,3MZBM1K74EM795066
417,Chevrolet,Corvette,1955,2T1BURHE0EC010543
418,Mitsubishi,Chariot,1990,WBA3T1C57EP785520
419,Maserati,228,1989,SCFEBBBC7AG988620
420,Renault,Alliance,1983,JN1AY1AR1DM112839
421,Mitsubishi,GTO,1991,5TDBK3EH5DS420021
422,Mitsubishi,Galant,1988,5J6TF1H56EL447725
423,Ford,Ranger,1999,1N6AA0CCXAN568443
424,Nissan,JUKE,2012,1FTMF1CW5AF018849
425,Porsche,Panamera,2013,WBAUT93559A006921
426,Nissan,240SX,1993,WAULT58E23A578176
427,Maserati,Quattroporte,2011,YV126MFC4F1229326
428,Jaguar,XJ Series,1993,3VW517AT9FM889484
429,Nissan,Pathfinder,2011,WBAWL7C5XAP404981
430,Porsche,Boxster,2000,1C3CDFEB7FD862703
431,Saturn,VUE,2004,WAUHFAFL3BA026093
432,Audi,80,1989,1C4RJEAG0DC935178
433,Mazda,Mazda3,2004,WAUMFAFR3FA870031
434,Nissan,NX,1992,1FTEW1CW7AK848101
435,Honda,Passport,1994,WA1LMAFEXED251368
436,Chevrolet,Corvette,1961,3D73M4EL3AG902320
437,Ford,Econoline E150,1993,3N1CN7AP2DL206497
438,Pontiac,Chevette,1987,1C4SDHCT7CC364517
439,Infiniti,G,2011,1C4RDJAG2FC400680
440,Mitsubishi,Mirage,1995,3VWKX8AJ7BM638382
441,Volkswagen,Passat,2002,1FADP5AU7DL395865
442,Chevrolet,Monte Carlo,2003,WBAVA33528F702600
443,Rolls-Royce,Phantom,2011,WBAFA53511L666566
444,Ford,F150,1993,1N6AA0CC4DN035721
445,Suzuki,Daewoo Magnus,2004,1G6DV57V680110051
446,Chevrolet,Cobalt SS,2009,WAULH64B41N037624
447,Audi,S8,2006,WDDGF4HB6CR518145
448,Mitsubishi,Pajero,1989,3FA6P0PU4FR844958
449,Suzuki,Grand Vitara,2009,WBAUN9C59AV948963
450,Scion,xA,2005,1FTSX2A55AE035421
451,Lotus,Elan,1993,1ZVBP8AMXE5475473
452,Nissan,GT-R,2010,1G6DX6ED3B0966375
453,Mitsubishi,Eclipse,1996,JN8CS1MU7FM631134
454,Maybach,57,2007,1GYFC26209R890492
455,BMW,M3,1999,2GKALMEK2C6813403
456,Toyota,MR2,1992,WAUET48H56K204897
457,Audi,S4,2004,WUAUUAFG6F7518715
458,BMW,7 Series,2009,KL4CJHSB5DB749078
459,Mitsubishi,Raider,2008,WAUAFAFL2AA810264
460,Chevrolet,Cavalier,2001,1FTEX1CMXBF969551
461,Cadillac,Allante,1992,5N1AZ2MG2FN931393
462,Mitsubishi,Montero Sport,1997,2G61S5S32E9703151
463,Land Rover,LR2,2012,1C4NJPBA7FD528248
464,Jeep,Liberty,2002,5N1AN0NU3DN056472
465,Toyota,Tacoma,2009,5TDBM5G10CS506292
466,Buick,Park Avenue,2002,1N6AF0LY7EN798217
467,Pontiac,Sunbird,1991,WAUEFAFL0AN985283
468,Saab,9000,1994,1GTN1TEX3DZ546013
469,Chevrolet,Express 3500,2007,3GYFNAE38FS605982
470,Chrysler,Town & Country,2002,JN1CV6AP1CM776750
471,Volvo,S80,2007,WBAYE8C52FD532570
472,Buick,LeSabre,1985,WAUHF78P06A660521
473,GMC,2500,1992,WA1LFAFP0EA854794
474,Lexus,IS,2004,WAUDG94F46N238166
475,GMC,Envoy XL,2005,1G6DU6EV0A0263221
476,Pontiac,Firefly,1989,WVGAV7AX0CW698388
477,Ford,Focus,2007,WBAEV53445K264799
478,Audi,Cabriolet,1997,19UUA662X8A375928
479,Isuzu,Hombre,2000,1FMEU3BE0AU187828
480,GMC,Sierra 1500,2012,19UUA8F34EA052295
481,Mitsubishi,Pajero,1999,JM1CR2W39A0313954
482,Volvo,S90,1997,WAUXL68E95A771550
483,Toyota,Echo,2005,WDDHF2EB2BA889989
484,Mercedes-Benz,500E,1993,WDDUG7JB5EA764200
485,Bentley,Mulsanne,2011,1G4GJ5G34DF461953
486,BMW,600,1959,WBAEB53579C640610
487,Ford,Freestar,2003,3GTXCYEJ5AG239952
488,Ford,Econoline E150,1996,SCFFBCCD5BG625641
489,Volkswagen,GTI,1991,3C63D2EL0CG883475
490,Audi,A4,2006,JH4CL95968C793040
491,Volvo,S70,2000,WAUHFBFL4CN973918
492,Hyundai,Sonata,1998,4A31K5DF7CE744385
493,Cadillac,DeVille,1996,1N6AA0CA0AN482461
494,Dodge,Spirit,1993,WAUHFAFL7EN866889
495,Chevrolet,Suburban 1500,2003,5YMKW8C53F0940533
496,Mitsubishi,GTO,1997,WAUUL78E05A557085
497,GMC,Savana 2500,2008,WAULT68E15A687379
498,Volvo,V70,2009,WBA6B8C5XFD308706
499,Nissan,NV3500,2012,WP0AA2A97FS584503
500,Chevrolet,Volt,2012,5J6TF1H58EL257375
501,Mercury,Capri,1992,1G4CU541934034934
502,Mazda,626,1985,1N4AL2AP3AN402608
503,Ford,EXP,1985,JA32U2FU2FU345629
504,Dodge,Intrepid,1994,WBAGL83504D506709
505,Mercedes-Benz,GL-Class,2011,WAUDGAFL2CA359771
506,Ford,F-350 Super Duty,2006,WBADR63471G650488
507,Chevrolet,Silverado 2500,2009,WBAKG7C57DE568966
508,Pontiac,Parisienne,1985,WBA3B3C52FF324215
509,Chevrolet,Suburban 2500,1997,5TDBKRFH5FS197581
510,Audi,A4,2006,1G6KD54Y61U424998
511,Bentley,Continental,2005,JH4DC53826S446783
512,Mitsubishi,Diamante,1995,5FRYD4H63GB368853
513,Honda,Fit,2009,1ZVBP8AM6E5953985
514,Jeep,Wrangler,2008,1G4HR54K93U614801
515,Toyota,Celica,1978,1GYFC56269R112778
516,GMC,Sierra 1500,2013,1G4PP5SK6C4320955
517,Citroën,SM,1972,3LNHL2GC6CR962910
518,Mazda,MX-5,2007,1GYS3LKJ5FR466450
519,Chevrolet,Express 2500,2007,JTHBP5C2XD5307245
520,GMC,Canyon,2012,WBABN53433P095393
521,Mitsubishi,Mirage,1989,WAUDFAFL0AN124035
522,Ford,F-Series,2005,YV440MBM1F1321943
523,Chevrolet,Aveo,2006,4T3BA3BB0FU890428
524,GMC,Savana 3500,2006,SALVP1BG3FH463979
525,Toyota,Land Cruiser,2001,JTHBK1GG6E2830407
526,Mercedes-Benz,S-Class,1994,SCBFU7ZA4EC935677
527,Dodge,Ram Van 1500,2003,WAUJGAFC7DN835994
528,Chevrolet,Prizm,2000,3FADP0L3XAR890050
529,Chevrolet,1500,1998,JN1AZ4EH3FM999234
530,Ford,Escort,1999,WBA3X5C53FD844304
531,Isuzu,Rodeo,1998,WDDHF2EB9CA920642
532,BMW,7 Series,1997,2C3CDXBG5DH558548
533,Buick,Century,1984,WAUSF78E57A488282
534,Audi,100,1991,WAUKF78E56A804987
535,Chevrolet,Express 3500,2001,5N1AR1NB5AC810407
536,Volkswagen,Golf III,1995,WAUPL68E44A841938
537,MINI,Cooper Clubman,2009,WAUHFAFL9DA869976
538,Mercury,Tracer,1994,JTDKTUD30ED400152
539,Ford,F-Series,2002,WBS3R9C56FF928652
540,Pontiac,LeMans,1967,WBASP2C52CC568239
541,Mercury,Grand Marquis,1996,2T2BK1BAXFC982001
542,Chevrolet,TrailBlazer,2002,1N6AA0EJ8FN524475
543,Volvo,XC90,2013,4A4JM2AS6AE942703
544,Honda,Accord,2009,1C3BCBFG1EN740655
545,Mercedes-Benz,Sprinter 3500,2012,WA1LGBFE3DD034465
546,Ford,Explorer,2009,1HGCR2F33DA430588
547,Honda,Pilot,2003,WAUFFBFL0BN097614
548,Mercedes-Benz,W201,1987,3C3CFFAR9DT880740
549,Nissan,Pathfinder,2005,WBALX3C53CC851744
550,Jeep,Wrangler,2006,SAJWA4DB9DL254922
551,Buick,Century,1996,3N1CN7AP8DL915709
552,Maybach,Landaulet,2010,1N6AD0CW5EN009129
553,Honda,Pilot,2007,1C4SDHCT7DC396806
554,Honda,Accord,2009,3C3CFFAR4FT698334
555,Infiniti,Q,1999,1N6AD0CU7DN723552
556,Buick,Skylark,1985,KL4CJGSB1DB226537
557,GMC,Savana 2500,1996,1FADP5CUXEL033916
558,Volvo,V70,1998,4T1BF3EK1BU970806
559,Mercedes-Benz,Sprinter,2011,WAU4FAFL1CA738778
560,Oldsmobile,98,1992,JHMZE2H32DS922281
561,Honda,CR-Z,2011,WA1KK78R29A839194
562,Audi,S8,2006,JTDKDTB35E1722751
563,Mazda,Miata MX-5,1993,5TDDK3DC7CS469802
564,Nissan,Armada,2005,WAUGL58E75A075490
565,Ford,Mustang,1965,WBAPH57599N644602
566,Ford,F250,2011,WDDPK5HAXFF662859
567,GMC,Sonoma Club,1992,KM8NU4CC1AU057143
568,Volkswagen,Cabriolet,1992,3GYFNAE36ES422983
569,Mitsubishi,Eclipse,1989,1G6DM5ED7B0126845
570,GMC,Savana 2500,1998,1N6AD0CUXAC657943
571,Mercury,Mystique,1997,1D7RV1GT7BS866595
572,Audi,Cabriolet,1997,1YVHZ8BH9A5710328
573,Volvo,XC70,2006,SCFAB01E19G432286
574,Mitsubishi,Precis,1992,1D4PU5GK9AW024080
575,Lexus,RX Hybrid,2006,1FBNE3BL7BD052514
576,Dodge,Ram 3500,2002,5N1BA0NE4FN942893
577,Ford,Festiva,1992,1NXBU4EE0AZ453601
578,Mercedes-Benz,W201,1985,1C3CDFCAXDD921587
579,Mercedes-Benz,E-Class,2003,1G6DP5E37D0225411
580,Cadillac,Seville,1992,JTHBB1BA3A2968984
581,Saab,9-5,2000,WAUDGBFL7CA216501
582,Dodge,Caravan,1997,1GYUCHEF4AR738492
583,Aston Martin,Virage,2012,2G61S5S39F9227451
584,Mercedes-Benz,W123,1977,WDDEJ7EBXCA583963
585,Pontiac,Tempest,1967,WA1C8BFP2FA899513
586,Chevrolet,Express 1500,2011,WVGEF9BPXFD332849
587,Chevrolet,Cavalier,1999,WAUBF78E08A119816
588,Ford,Econoline E350,1999,5FPYK1F27CB847400
589,Dodge,Charger,1969,1FTNF1E88AK521530
590,Toyota,RAV4,2005,1HGCR2F35FA948821
591,Dodge,Ram Van B250,1993,JN1AZ4EH5EM229082
592,Lincoln,Continental,1997,WAULC58E74A565702
593,Mitsubishi,Challenger,1997,WAUKFAFL0DN703263
594,Pontiac,Bonneville,1966,5N1BA0NC7FN025204
595,Toyota,RAV4,2006,WBABV13406J737536
596,GMC,Savana,2006,WBAEH13557C473233
597,Ford,Explorer,2013,5GADV33137D636733
598,Honda,Prelude,1994,WAUDN74FX8N040446
599,Volkswagen,rio,1998,WUARU98E87N967522
600,Volvo,XC90,2005,JTJBM7FX0A5709247
601,Toyota,Corolla,1996,5J8TB4H35GL409909
602,Volkswagen,Type 2,1989,5N1AN0NW2EN921046
603,Plymouth,Acclaim,1995,WBAVB77588N564811
604,Hyundai,Accent,2008,WAUCFAFR3DA776160
605,Lexus,CT,2012,1N6AF0LX7EN717904
606,Lincoln,Town Car,1996,3D73Y3HL3BG522373
607,Pontiac,Trans Sport,1996,WAUKFBFL6BN581804
608,Subaru,Forester,2008,1FTEX1CM5BK014891
609,Isuzu,Oasis,1998,1G6KY54973U502706
610,Pontiac,Grand Am,1998,WA1VMBFE6AD586524
611,Subaru,Legacy,2001,WAULFAFR1DA474916
612,Mercedes-Benz,S-Class,2009,WAUYP64B11N307465
613,Honda,Ridgeline,2010,ZHWGU5BZ3AL191058
614,Chevrolet,Impala,2001,WVWED7AJ4CW642247
615,Oldsmobile,88,1999,1NXBU4EE6AZ039352
616,Chevrolet,Silverado 1500,2002,WA1WMBFE5AD209820
617,Mercedes-Benz,SL-Class,1989,1G6DF8E50D0739865
618,Infiniti,QX,1999,1N6AA0CA6DN698187
619,GMC,Safari,1997,2G4WY55J911795990
620,Toyota,Camry,1992,1G6EL12Y01B272840
621,Mazda,B-Series,1999,WP0AA2A80BU560078
622,Mercedes-Benz,SL-Class,1984,5GNRNJEE2A8350431
623,Buick,Regal,2002,SCFEDEAN8CG247054
624,Nissan,Armada,2011,JN1CV6EK9FM649330
625,Infiniti,J,1994,1C4SDHCTXDC082101
626,BMW,5 Series,2012,1GYS4FEJ0BR819195
627,Volvo,960,1997,1FMJK1K56AE661638
628,Land Rover,Freelander,2004,KMHCT4AE4FU102047
629,Infiniti,G37,2012,KNAFZ6A3XF5334413
630,Mazda,RX-8,2008,1G6DB1ED6B0797468
631,Ford,Econoline E250,1998,1D7RE2GK3BS528012
632,Chevrolet,Caprice,1992,WAUVFAFR5DA091022
633,Honda,Prelude,1993,KNADN5A37F6287378
634,Toyota,FJ Cruiser,2007,JN8AF5MR8CT302121
635,Suzuki,XL-7,2001,WA1WMAFEXBD412486
636,Buick,Lucerne,2011,1N6AA0CA4FN628495
637,GMC,Envoy,1998,WAUSH78E47A496688
638,Jeep,Patriot,2007,WBANN73596C400294
639,Lexus,IS F,2010,WDDGF4HB6CF094337
640,Ford,Explorer Sport,2001,KMHHT6KD2DU166480
641,Nissan,Quest,2002,WAUGL78E05A614611
642,Kia,Sorento,2005,3VW4A7AT9DM093505
643,Infiniti,QX56,2012,WAULC58E02A922375
644,Lexus,IS,2004,WUADNAFG9BN399528
645,Honda,Odyssey,2012,JHMZF1C64CS758703
646,Lincoln,Town Car,1997,JN1CV6EK9EM290995
647,Mitsubishi,Chariot,1986,WAUGL78E96A777484
648,Acura,NSX,1993,5N1AN0NUXAC624076
649,Pontiac,Bonneville,1966,WUAAU34278N603664
650,Chevrolet,Colorado,2004,JTEBU4BF8CK033533
651,Dodge,Grand Caravan,1998,1G6DE8EY3B0311427
652,Dodge,Ram Wagon B350,1992,1FT7W2A69EE107194
653,Kia,Sorento,2011,WBAGN83403D942542
654,Nissan,Maxima,2004,19UUA9F22AA943760
655,Lexus,GX,2007,2T2BK1BA9AC739367
656,Mazda,Miata MX-5,2010,3N6CM0KN2EK971850
657,GMC,Rally Wagon 1500,1993,4T1BF1FK8CU491559
658,Acura,NSX,2000,WAUKF78E48A796979
659,Chrysler,Concorde,1999,VNKKTUD35FA188312
660,Pontiac,Sunbird,1985,19UUA8F25AA212170
661,Land Rover,Range Rover,1991,WBANV1C57AB294522
662,Kia,Sephia,1994,WAUVC68E55A892941
663,Volvo,V50,2006,1G6DA5EG5A0376652
664,Acura,TL,2007,1G6AZ5S31E0338189
665,Suzuki,Grand Vitara,2000,2G4GT5GC0B9257022
666,BMW,Z3,1998,19UUA65694A677905
667,BMW,M3,2008,3C6JD7CT4CG461233
668,Chrysler,Fifth Ave,1993,WA1EV94L97D630404
669,Lexus,IS,2007,19UUA8F53DA649423
670,Ford,F250,2000,1N6AA0EC1FN103750
671,Plymouth,Acclaim,1995,1G4GC5GC7BF836547
672,Jeep,Cherokee,1997,1N6AA0EJ2FN087394
673,Mazda,Miata MX-5,2000,KMHGH4JF9BU923098
674,Dodge,Dakota,1996,1HGCP2E31BA327643
675,Volvo,V70,2009,JH4KC1F92FC242922
676,Aston Martin,DB9,2006,JN8AZ1MUXAW719918
677,GMC,Savana 2500,2000,JM1DE1KY6C0048201
678,Infiniti,M,1992,1G4HE57Y67U156989
679,Mitsubishi,Eclipse,2011,3C63DRHL8CG802128
680,Volvo,S80,2009,WBABV13455J691779
681,Toyota,Sienna,2008,1G6DJ5EGXA0017278
682,Volvo,V70,2002,WVWAP7AN9EE913272
683,Mercury,Tracer,1991,SCBCR7ZA9AC101788
684,Dodge,Intrepid,1995,JTHFF2C29E2082578
685,Buick,Century,1994,WAUKH98E28A886282
686,Ford,Focus,2003,WAUVC68E55A963975
687,Lamborghini,Gallardo,2003,WDDGF4HB9CA528473
688,Chevrolet,Express 3500,2000,YV426MDA6F2665786
689,Honda,Prelude,1998,1N6AD0CW0FN085875
690,Volkswagen,GTI,1989,1HGCP2E71AA174716
691,Nissan,Armada,2010,1G4HD57268U919528
692,Volvo,S40,2000,JH4KC1F33EC209888
693,Jeep,Wrangler,1993,WBAFZ9C54DD491499
694,Lexus,GS,2009,1G6DG8E5XD0525785
695,Chevrolet,Silverado 1500,2004,19UYA42792A284163
696,GMC,Sierra 1500,2010,JM1NC2EF2A0772054
697,Suzuki,Kizashi,2012,1GKS1EEF0CR560105
698,Suzuki,Esteem,2001,YV4940BL7D1428549
699,Dodge,Viper,1992,WBAEV33402K877986
700,Lexus,SC,1998,TRUWT28N331570009
701,Pontiac,Bonneville,1968,JM1NC2LF5E0979496
702,Chevrolet,Express 2500,2009,WAUCVAFRXBA437167
703,Ford,Taurus,1991,1GYFK43529R326050
704,Suzuki,Forenza,2005,JN8AF5MR4ET359192
705,Mazda,Millenia,1999,1FMJK1G52EE409013
706,Jeep,Liberty,2006,3GTU1YEJ1DG812519
707,Mercedes-Benz,CL-Class,2007,1G6AY5SX1F0785161
708,Mercury,Villager,2002,3D7TP2CT6AG739290
709,Subaru,Tribeca,2009,2C3CDYBT4CH657394
710,Mazda,Protege,1997,2G61N5S38E9363480
711,Volkswagen,Jetta,2012,WAUHF98P48A562719
712,Buick,Roadmaster,1992,SAJWA4DB8DL375635
713,Geo,Metro,1993,SCFAB01A06G492214
714,Lotus,Elise,2011,WBANW53528C730895
715,Acura,CL,2001,1GYUCAEF2AR384110
716,Pontiac,GTO,1970,WAUDH74F87N467338
717,Mercedes-Benz,W201,1987,WAUDC68D31A237321
718,Land Rover,LR4,2012,1N6AF0KY9EN313108
719,Ford,F350,2007,TRUUT28N831374820
720,Lexus,IS,2007,WBA6B4C56DD071010
721,Hyundai,Genesis,2010,WP0AA2A92BS895489
722,Mercedes-Benz,CL-Class,2009,4T1BF1FK5EU601521
723,Volvo,S40,2003,WAUSH78E16A751540
724,Chevrolet,Camaro,1994,3GYFNDEY5BS015049
725,Cadillac,CTS,2012,WA1YD64B33N357499
726,BMW,3 Series,2011,1FTWX3B57AE655371
727,Chevrolet,Venture,2003,5N1AA0NE9FN299193
728,BMW,M6,2006,WAUSH74F47N355059
729,Buick,Regal,1993,2G4WC532651057385
730,Pontiac,Safari,1989,WAUSFAFL6AA330457
731,Kia,Spectra,2007,3GYFNGEY5AS479863
732,Ford,E150,2009,2G4WC582491895753
733,Ford,Explorer Sport Trac,2002,2C3CDXHG0DH429379
734,Volkswagen,Fox,1987,JTHBL5EF0C5488625
735,Chevrolet,Tahoe,2012,JN1CV6FE5FM724758
736,Maserati,Quattroporte,2007,WAUBH74F28N901326
737,Ford,E350,2007,2V4RW3DG4BR934627
738,Acura,SLX,1996,WAUDN74FX8N141776
739,Plymouth,Grand Voyager,1993,5UXFA93544L580522
740,GMC,2500 Club Coupe,1994,KMHCT4AEXCU792351
741,Nissan,Sentra,2006,WAUAFAFH4AN112257
742,Dodge,Avenger,2000,5LMJJ2H52CE518091
743,Chevrolet,Express 2500,2008,WBANA53545C670712
744,GMC,Rally Wagon 3500,1992,1FTEW1C83FK089391
745,Suzuki,Daewoo Magnus,2006,1N4AL3AP5EC749901
746,Aston Martin,DBS,2009,1C4SDHCT5FC650113
747,Ford,Thunderbird,1994,1GYFC162X9R163323
748,GMC,Safari,2001,1N6AA0CC3CN655622
749,Ford,Crown Victoria,2003,1D7RV1CP7BS507756
750,GMC,Sonoma,1999,WAUGN94F59N497868
751,Chevrolet,Corvette,1962,19UUA9E59CA652395
752,Mazda,B-Series,2005,3VW467AT3DM309429
753,Nissan,Altima,2005,1FTNF2A58AE161093
754,Ram,1500,2012,1FTEX1CM2BK609553
755,Acura,RSX,2006,WA1CKBFP5AA786147
756,Dodge,Avenger,1999,1GKS1EEF2CR118720
757,Chevrolet,Corvette,1993,SCFEFBBC2AG922268
758,Buick,Riviera,1979,1FTEW1E85AF340734
759,Volkswagen,Jetta,2006,WAUDC68D81A217209
760,GMC,Sierra,2010,3VW217AU5FM166159
761,Infiniti,FX,2008,5TDBK3EH7BS174327
762,Chevrolet,Corvette,1955,JA32U2FU6DU210652
763,Jaguar,X-Type,2006,YV126MFC7F2595811
764,Volvo,V70,1999,1YVHZ8BH1C5203345
765,Mitsubishi,Galant,1995,1G6KE57Y23U040356
766,Toyota,4Runner,1995,1G4PP5SK0E4102481
767,Ford,LTD Crown Victoria,1984,3D73Y3CL1BG704032
768,Lexus,GX,2007,5UXWX7C58E0850728
769,Toyota,Tacoma,2001,JH4DC530X3C543455
770,Pontiac,Sunbird,1985,WA1VMBFE1BD204109
771,Chevrolet,Classic,2004,1C3CDZAB5CN839174
772,Lamborghini,Countach,1989,WA1UFBFL7DA032838
773,Chevrolet,Corvette,1984,WDDPK4HA2DF183102
774,Hyundai,Santa Fe,2002,KNALN4D77F5533453
775,Mazda,MPV,1991,19UYA42761A732969
776,Mitsubishi,Pajero,2004,3C6JD6CT4CG457984
777,Volkswagen,rio,2002,WBAEN33424P225912
778,Mitsubishi,Mirage,1990,WBA3B3C58DF863189
779,GMC,Acadia,2009,WBABN53432J045594
780,Mercedes-Benz,SL-Class,2003,WAUKF78E96A649912
781,Pontiac,Turbo Firefly,1990,3D4PH6FG5BT395106
782,Chevrolet,Express 1500,2009,19XFA1F3XBE748232
783,Hyundai,Sonata,2006,JTDBT4K32B1744582
784,GMC,Safari,2004,JA32X2HU0BU011503
785,Ford,Explorer Sport Trac,2007,JM1CW2BL8D0594423
786,Mercury,Grand Marquis,1999,KNAFX6A86E5251786
787,Pontiac,Montana,1999,WBA3B3G5XEN767341
788,Ford,Escort,1995,3D4PH6FV2AT389700
789,Oldsmobile,Bravada,2003,4JGDA2EB2EA989548
790,Hummer,H3,2006,WBAFB334X1L243848
791,GMC,Vandura 2500,1993,1G4GA5GR9DF732140
792,Mazda,Mazda3,2007,1G4PR5SK9C4705744
793,GMC,Savana 3500,2003,WBSCL93421L335048
794,Chevrolet,Astro,1998,WAUBT48H25K264976
795,Plymouth,Grand Voyager,1995,1FAHP3E24CL897844
796,Audi,S4,1992,5N1AZ2MG5FN392963
797,Land Rover,Range Rover,1999,1HGCP2E71BA394701
798,Honda,Civic,1980,5UXXW3C53F0994530
799,Ford,F150,2005,WBAVB73588P838003
800,Suzuki,Daewoo Lacetti,2008,WBAEB53589C527989
801,Porsche,911,2012,1GTN2TEH5FZ078522
802,Bentley,Continental GTC,2011,3N1BC1AP7BL444485
803,GMC,Yukon XL 2500,2008,WA1CGAFE0CD118865
804,Audi,A4,1998,1G6DV1EP7D0422581
805,Plymouth,Colt Vista,1994,JN1CV6AP8CM262149
806,Hyundai,Accent,1997,3D73M3HLXBG967463
807,Nissan,Frontier,2003,JH4CU2F83EC444441
808,Lexus,LS,2001,2V4RW3D1XAR121268
809,Ford,Mustang,2000,WBAFR1C54BD572565
810,Chevrolet,Cruze,2012,1FT7W2A67EE786222
811,Buick,Park Avenue,1994,WBANV13569B090290
812,Chevrolet,S10,1994,JM3ER2W33A0826665
813,Buick,Riviera,1999,KMHGN4JE4FU191145
814,Cadillac,XLR-V,2007,5TDBY5G16DS230688
815,Volvo,XC90,2013,3N1CN7AP4FL051485
816,Ford,Mustang,1993,1D7RV1GP2AS507169
817,Honda,Odyssey,2012,JTJBC1BA6D2394834
818,GMC,Yukon XL 1500,2003,1HGCR2F30FA886728
819,Volkswagen,Passat,1999,1G4PR5SK1E4078704
820,Ferrari,F430,2009,WBADT43442G131972
821,Jeep,Compass,2009,YV1622FS9C2514957
822,Volkswagen,Touareg,2005,SAJWA0ES0EP262747
823,Subaru,Outback,2005,3GTXCYEJ4AG081295
824,Saab,9-3,2007,1D4PU6GX6BW077483
825,Jeep,Grand Cherokee,2008,1N6AA0CC0CN037917
826,Mercury,Grand Marquis,1995,1FTEX1CV4AF339726
827,Ford,E-Series,2012,WA1YD54B45N694809
828,Lincoln,MKZ,2012,WAUUL68E25A308765
829,Hyundai,Tiburon,1999,WAUWGBFB3BN243394
830,Isuzu,Ascender,2006,JN8AE2KP3B9720648
831,Ford,F350,2003,JTHBB1BA9A2931650
832,Buick,Century,1984,5N1AA0NE0FN573185
833,Mazda,MX-6,1989,WBAUN93538V926077
834,MG,MGB,1977,1GKS1AE02ER966488
835,Mazda,Familia,1985,WP1AA2AP2AL520236
836,Mazda,B-Series,2009,3C6TD4CT1CG000563
837,GMC,Yukon XL 1500,2012,WA1VMBFE3DD164229
838,Hummer,H3T,2010,5GALVAED1AJ981792
839,Mercedes-Benz,SL-Class,2012,JTDBT4K35B1684474
840,Pontiac,Grand Prix,1994,5UXZV4C57BL715722
841,Mercury,Capri,1984,WDDGF4HB0DA296511
842,Buick,Century,1990,1FMCU0F77EU886509
843,Pontiac,Sunbird,1984,3VW4T7AT4DM440734
844,Toyota,4Runner,1998,WAUMGBFLXCA699949
845,Suzuki,Equator,2009,WA1EY74L67D170601
846,Toyota,Echo,2003,5UXFB33512L038561
847,Acura,Vigor,1992,1GD22ZCG5DZ660130
848,Suzuki,Sidekick,1993,1FTWW3B59AE093184
849,Mercury,Cougar,1987,W04GZ5GV5B1007374
850,Chevrolet,TrailBlazer,2006,SCBCR73W19C017934
851,Mitsubishi,Diamante,1992,1G6KD54Y91U978469
852,GMC,1500 Club Coupe,1995,JN1CV6EK2BM350188
853,Ford,Econoline E150,1996,SCFAB42343K046048
854,Mercedes-Benz,S-Class,1991,1VWAH7A38DC345860
855,Ford,Crown Victoria,1995,JH4NA21602T511421
856,Chevrolet,Cruze,2012,WAUDH78E77A676112
857,Audi,S4,2009,JTJBC1BA7C2428004
858,Volvo,S80,1999,2G4WS52J011949198
859,GMC,Yukon,2002,5TDDK4CCXAS284101
860,Volvo,S60,2005,1G4GF5G3XCF185178
861,Chevrolet,Impala,2001,5J8TB185X8A138875
862,Mitsubishi,Truck,1996,2FMDK3KC5AB534995
863,Suzuki,SJ,1992,WAUAF98E76A213597
864,Cadillac,Escalade ESV,2009,WAUSH78E06A400828
865,Chevrolet,Silverado 3500,2011,JN8AS1MU8BM009630
866,Ford,LTD Crown Victoria,1984,5BZBF0AA6EN087119
867,Infiniti,J,1993,2C3CDZBT9FH832197
868,Ford,Escort,1998,1G4HA5EM8AU096510
869,Ford,F250,1996,1GYEC63T64R845663
870,Saab,9-5,2006,WBAKE3C50DE252159
871,Lamborghini,Gallardo,2005,SCBDC47L69C562001
872,Volkswagen,Jetta III,1994,YV1672MC9AJ428077
873,Ford,Mustang,1988,JHMZF1D49DS460372
874,BMW,M,2002,SCFAD01A85G740167
875,Lexus,LS,2005,WAUWFAFH4EN329397
876,Saab,9-5,2009,SALSF2D46DA719293
877,Plymouth,Voyager,1999,3VWKP7AJ9CM859753
878,Nissan,Frontier,2005,JTHBE5C2XC5351492
879,Volvo,960,1993,WBASN2C58BC995509
880,Ford,Probe,1995,1G6KD54Y95U900019
881,Dodge,Dakota,1999,4T1BK1EB0FU917424
882,Audi,Q7,2010,JN8AZ2KR9CT039274
883,Chevrolet,Suburban,2006,2HNYD2H6XCH604354
884,Nissan,Quest,2007,WAUEF98E28A422203
885,Lexus,LFA,2012,KNDJN2A25E7884937
886,GMC,Yukon XL 2500,2007,WAUNF98PX8A335845
887,Porsche,Cayenne,2004,WAUAF78E67A150935
888,Chrysler,Imperial,1926,WA1CGAFE0ED743785
889,Toyota,Solara,2000,WBAEN33485E858427
890,Ford,Explorer,2001,3CZRE3H57BG262309
891,Volvo,S80,2008,1FTSX2B52AE720815
892,Land Rover,Freelander,2003,5GADV23L76D962223
893,GMC,Savana 2500,1999,3C6JD7EP7CG931190
894,Chevrolet,G-Series G30,1996,5N1AR2MM1EC410827
895,Mitsubishi,Pajero,1992,3VWJP7AT2CM457621
896,Cadillac,Allante,1992,SALAG2D42CA914833
897,Saturn,Outlook,2009,WAUJFAFH4CN553373
898,Ford,F250,1994,5GAER137X8J302865
899,GMC,1500 Club Coupe,1998,WBAUP73598V033085
900,Nissan,350Z,2004,1G6AY5SX1F0695850
901,Ford,F350,2003,3D7LP2ET0AG652157
902,Chevrolet,Malibu Maxx,2006,3D7TT2CT3BG606676
903,Audi,100,1991,1GYS3HEFXDR875514
904,Chevrolet,Express 2500,2000,5J8TB4H57GL077246
905,GMC,Yukon XL 2500,2013,KMHHT6KD2CU418498
906,Infiniti,QX,2010,JN8AF5MR9CT304590
907,Isuzu,Amigo,1998,WAUFGBFB5AN360957
908,Alfa Romeo,164,1994,3C6JD6AKXCG569490
909,Subaru,Legacy,1993,YV1672MK3B2084961
910,Ford,Tempo,1984,WA1AV74L67D139873
911,Saturn,Ion,2003,WAULD54B73N892861
912,Subaru,Brat,1987,WBAAW33471E915867
913,Toyota,T100,1993,SAJWA0F74F8033901
914,Mazda,MX-6,1991,WAUEH78E28A659868
915,Mercedes-Benz,S-Class,2004,1C4SDHCT4DC531529
916,Volkswagen,GTI,2007,WAULT54BX4N845845
917,Chevrolet,Colorado,2010,JH4CL96817C727242
918,Mitsubishi,Lancer,2004,WA1VMAFE8ED461279
919,Land Rover,Range Rover,1992,1G6AK5SX5D0427415
920,Toyota,Sequoia,2008,WAUFL44D83N155664
921,Toyota,Tacoma Xtra,2002,1GYS4BEF2ER267398
922,Cadillac,DTS,2006,WBAVB73557P156193
923,Toyota,Matrix,2008,WAUFFAFL9BA658975
924,Mercury,Villager,1996,2HNYB1H21AH173459
925,Honda,Civic,2003,2FMDK3JC3AB985733
926,Nissan,Armada,2006,1G6AM5SX6E0504207
927,Acura,TL,2011,JM1CW2BL0F0996987
928,Ford,Festiva,1989,JTMHY7AJ9B5618063
929,Ford,E-Series,1991,WP1AA2A28EL383670
930,Mazda,CX-7,2007,WAUPL68E25A989328
931,Volkswagen,Jetta,1993,3GYFNCE30DS344758
932,Infiniti,QX,2002,1N4AA5AP5EC555452
933,Dodge,Ram 2500 Club,1996,WAUDF98E35A900944
934,Pontiac,Vibe,2009,1HGCP2E3XAA405027
935,Audi,S4,2012,KMHCM3AC3BU900961
936,Honda,CR-V,2000,5UXWX7C52CL873546
937,Mitsubishi,Mirage,1989,1D4PT6GX5AW341388
938,Jaguar,XF,2011,SCFEBBBCXAG729846
939,Jeep,Wrangler,1995,1G6DP8EV3A0272613
940,Audi,A4,2007,1FTSW3A58AE313088
941,Dodge,Grand Caravan,1998,2G4WC562951621400
942,Honda,Pilot,2011,2HNYD28228H737274
943,Saturn,S-Series,1993,WBA3A5G55FN815196
944,Infiniti,QX,2007,19UYA42451A351426
945,Volvo,XC90,2003,1G6DG577790462049
946,Volkswagen,Golf,2001,1G4HE5EM1AU463302
947,Lexus,ES,2002,WBAPM5C59BE383690
948,Pontiac,Grand Am,2001,KMHTC6AD1CU665572
949,Honda,Accord,2008,JN8AS5MT5BW490861
950,Toyota,Camry,1997,2G4GU5GX7E9440745
951,Dodge,Ram 1500,2001,1GYS3LKJ5FR026339
952,Porsche,Cayenne,2009,3C4PDDEG3DT700121
953,Chrysler,LeBaron,1994,1GKS1AE08ER378630
954,Ford,Galaxie,1966,WBANV13549B396677
955,Kia,Rondo,2009,5FPYK1F25AB416051
956,Chevrolet,Suburban 2500,2008,WAUDH94F48N341913
957,Ford,Explorer Sport Trac,2003,WVWAA7AJ3CW682083
958,Honda,Pilot,2007,1C3CCBHG2CN195242
959,Dodge,Viper,2009,WBAEN33414E982862
960,Chevrolet,Silverado,2001,5UXFA13555L513897
961,Chrysler,Pacifica,2006,5N1AR2MM7FC485257
962,Suzuki,Esteem,1997,WBA3V5C55F5568594
963,BMW,Z4 M,2007,2G4WE587781475716
964,Ford,Mustang,2008,5GAKVBKD7DJ140926
965,Mercedes-Benz,SLR McLaren,2009,JM1NC2JF6C0979667
966,GMC,Rally Wagon 2500,1994,1G4GA5GR8CF592337
967,BMW,Z3,2002,1B3CB9HA3BD256686
968,Volvo,S90,1997,WDDGF5EBXAF358117
969,Audi,riolet,1995,5N1AL0MM0DC743959
970,Eagle,Talon,1994,1G6DK5E36D0972349
971,Jeep,Commander,2009,1G4HD57248U324113
972,Dodge,Spirit,1995,SALGR2VF0EA404603
973,Acura,TSX,2012,1G4HF57918U704808
974,Cadillac,XLR-V,2006,WBAUC73519V132030
975,Ford,Thunderbird,1980,WA1YL64B64N901479
976,Mercury,Cougar,1993,5FNRL5H24EB985414
977,Lotus,Esprit,1991,JTJBM7FX1D5826002
978,Volkswagen,Corrado,1990,2G4GP5EX7F9230951
979,GMC,Savana 1500,2005,1G4HP54K814132355
980,BMW,5 Series,2008,WVGEP9BP5FD696643
981,Hyundai,Tucson,2010,5UXFB53525L698866
982,Chrysler,Town & Country,1993,3D4PH1FG4BT292195
983,BMW,600,1958,WA1AM94LX9D487922
984,Mercury,Villager,2002,1FTEW1CW8AK840329
985,Mercury,Sable,2004,SALAF2D4XAA570023
986,Land Rover,LR4,2012,KNAFU6A23D5432430
987,Mitsubishi,Galant,2001,WDDNG7DB2CA033138
988,GMC,Yukon,2010,WAUBGBFC0CN473712
989,Mazda,CX-7,2012,1N4AB7AP7DN873259
990,Eagle,Talon,1996,WBA1M1C56FV178896
991,Kia,Rio,2003,WBANN73516C748834
992,Mercury,Sable,2002,WAUJGAFD5FN386178
993,Honda,Civic,2012,1G6AB5R35D0752844
994,Dodge,Intrepid,1995,WAUSH98EX7A243046
995,Ford,E150,2005,1HGCR6F58EA612992
996,Nissan,Maxima,2009,4USBU33506L772358
997,Buick,Riviera,1999,WBAWR33589P892489
998,Chevrolet,Cobalt,2008,WBAEB53509C360561
999,Saab,9000,1998,WVWAP7AN8EE490233
1000,Pontiac,G3,2009,WAUKG98E06A545852
